Workbook

Sheet Sheet1
A1: Same Day | B1: (All)
A2: Same Hour | B2: Yes
A4: Row Labels | B4: Count of ticket_id
A5: o1 | B5: 1
A6: o2 | B6: 5
A7: o3 | B7: 4
A8: Grand Total | B8: 10

Sheet ticket
A1: ticket_id | B1: created_at | C1: closed_at | D1: outlet_id | E1: cms_id | F1: Same Day | G1: Same Hour
A2: t1 | B2: 2021-08-19 16:45:43 | C2: 2021-08-19 18:00:00 | D2: o1 | E2: c1 | F2: =IF(INT(B2)=INT(C2),"Yes","No") -> Yes | G2: =IF(AND(INT(B2)=INT(C2), HOUR(B2)=HOUR(C2)),"Yes","No") -> No
A3: t2 | B3: 2021-08-21 11:09:22 | C3: 2021-08-21 11:50:00 | D3: o2 | E3: c2 | F3: =IF(INT(B3)=INT(C3),"Yes","No") -> Yes | G3: =IF(AND(INT(B3)=INT(C3), HOUR(B3)=HOUR(C3)),"Yes","No") -> Yes
A4: t3 | B4: 2021-08-21 13:00:00 | C4: 2021-08-22 14:00:00 | D4: o1 | E4: c3 | F4: =IF(INT(B4)=INT(C4),"Yes","No") -> No | G4: =IF(AND(INT(B4)=INT(C4), HOUR(B4)=HOUR(C4)),"Yes","No") -> No
A5: t4 | B5: 2021-08-22 10:15:00 | C5: 2021-08-22 10:45:00 | D5: o3 | E5: c4 | F5: =IF(INT(B5)=INT(C5),"Yes","No") -> Yes | G5: =IF(AND(INT(B5)=INT(C5), HOUR(B5)=HOUR(C5)),"Yes","No") -> Yes
A6: t5 | B6: 2021-08-22 12:00:00 | C6: 2021-08-22 12:30:00 | D6: o2 | E6: c5 | F6: =IF(INT(B6)=INT(C6),"Yes","No") -> Yes | G6: =IF(AND(INT(B6)=INT(C6), HOUR(B6)=HOUR(C6)),"Yes","No") -> Yes
A7: t6 | B7: 2021-08-23 09:00:00 | C7: 2021-08-23 11:00:00 | D7: o1 | E7: c6 | F7: =IF(INT(B7)=INT(C7),"Yes","No") -> Yes | G7: =IF(AND(INT(B7)=INT(C7), HOUR(B7)=HOUR(C7)),"Yes","No") -> No
A8: t7 | B8: 2021-08-23 14:00:00 | C8: 2021-08-24 16:00:00 | D8: o3 | E8: c7 | F8: =IF(INT(B8)=INT(C8),"Yes","No") -> No | G8: =IF(AND(INT(B8)=INT(C8), HOUR(B8)=HOUR(C8)),"Yes","No") -> No
A9: t8 | B9: 2021-08-24 08:30:00 | C9: 2021-08-24 09:15:00 | D9: o2 | E9: c8 | F9: =IF(INT(B9)=INT(C9),"Yes","No") -> Yes | G9: =IF(AND(INT(B9)=INT(C9), HOUR(B9)=HOUR(C9)),"Yes","No") -> No
A10: t9 | B10: 2021-08-24 10:00:00 | C10: 2021-08-24 10:45:00 | D10: o1 | E10: c9 | F10: =IF(INT(B10)=INT(C10),"Yes","No") -> Yes | G10: =IF(AND(INT(B10)=INT(C10), HOUR(B10)=HOUR(C10)),"Yes","No") -> Yes
A11: t10 | B11: 2021-08-25 15:00:00 | C11: 2021-08-25 15:20:00 | D11: o3 | E11: c10 | F11: =IF(INT(B11)=INT(C11),"Yes","No") -> Yes | G11: =IF(AND(INT(B11)=INT(C11), HOUR(B11)=HOUR(C11)),"Yes","No") -> Yes
A12: t11 | B12: 2021-08-25 16:00:00 | C12: 2021-08-25 17:00:00 | D12: o1 | E12: c11 | F12: =IF(INT(B12)=INT(C12),"Yes","No") -> Yes | G12: =IF(AND(INT(B12)=INT(C12), HOUR(B12)=HOUR(C12)),"Yes","No") -> No
A13: t12 | B13: 2021-08-26 11:00:00 | C13: 2021-08-26 12:00:00 | D13: o2 | E13: c12 | F13: =IF(INT(B13)=INT(C13),"Yes","No") -> Yes | G13: =IF(AND(INT(B13)=INT(C13), HOUR(B13)=HOUR(C13)),"Yes","No") -> No
... A26: t25 | B26: 2021-08-31 13:00:00 | C26: 2021-08-31 13:30:00 | D26: o3 | E26: c25 | F26: =IF(INT(B26)=INT(C26),"Yes","No") -> Yes | G26: =IF(AND(INT(B26)=INT(C26), HOUR(B26)=HOUR(C26)),"Yes","No") -> Yes

Sheet feedbacks
A1: cms_id | B1: feedback_at | C1: feedback_rating | D1: ticket_created_at
A2: c1 | B2: 2021-08-21 13:26:48 | C2: 3 | D2: =INDEX(ticket!B:B, MATCH(A2, ticket!E:E, 0)) -> 2021-08-19 16:45:43
A3: c2 | B3: 2021-08-21 14:00:00 | C3: 4 | D3: =INDEX(ticket!B:B, MATCH(A3, ticket!E:E, 0)) -> 2021-08-21 11:09:22
A4: c3 | B4: 2021-08-22 15:00:00 | C4: 2 | D4: =INDEX(ticket!B:B, MATCH(A4, ticket!E:E, 0)) -> 2021-08-21 13:00:00
A5: c4 | B5: 2021-08-22 11:00:00 | C5: 5 | D5: =INDEX(ticket!B:B, MATCH(A5, ticket!E:E, 0)) -> 2021-08-22 10:15:00
A6: c5 | B6: 2021-08-22 13:00:00 | C6: 3 | D6: =INDEX(ticket!B:B, MATCH(A6, ticket!E:E, 0)) -> 2021-08-22 12:00:00
A7: c6 | B7: 2021-08-23 12:00:00 | C7: 4 | D7: =INDEX(ticket!B:B, MATCH(A7, ticket!E:E, 0)) -> 2021-08-23 09:00:00
A8: c7 | B8: 2021-08-24 17:00:00 | C8: 2 | D8: =INDEX(ticket!B:B, MATCH(A8, ticket!E:E, 0)) -> 2021-08-23 14:00:00
A9: c8 | B9: 2021-08-24 10:00:00 | C9: 5 | D9: =INDEX(ticket!B:B, MATCH(A9, ticket!E:E, 0)) -> 2021-08-24 08:30:00
A10: c9 | B10: 2021-08-24 11:00:00 | C10: 4 | D10: =INDEX(ticket!B:B, MATCH(A10, ticket!E:E, 0)) -> 2021-08-24 10:00:00
A11: c10 | B11: 2021-08-25 16:00:00 | C11: 3 | D11: =INDEX(ticket!B:B, MATCH(A11, ticket!E:E, 0)) -> 2021-08-25 15:00:00
A12: c11 | B12: 2021-08-25 18:00:00 | C12: 5 | D12: =INDEX(ticket!B:B, MATCH(A12, ticket!E:E, 0)) -> 2021-08-25 16:00:00
A13: c12 | B13: 2021-08-26 13:00:00 | C13: 4 | D13: =INDEX(ticket!B:B, MATCH(A13, ticket!E:E, 0)) -> 2021-08-26 11:00:00
... A21: c20 | B21: 2021-08-30 11:30:00 | C21: 4 | D21: =INDEX(ticket!B:B, MATCH(A21, ticket!E:E, 0)) -> 2021-08-30 10:00:00
